<?xpacket begin="﻿" id="W5M0MpCehiHzreSzNTczkc9d"?>
<x:xmpmeta xmlns:x="adobe:ns:meta/" x:xmptk="Adobe XMP Core 5.3-c011 66.145661, 2012/02/06-14:56:27        ">
   <rdf:RDF xmlns:rdf="http://www.w3.org/1999/02/22-rdf-syntax-ns#">
      <rdf:Description rdf:about=""
            xmlns:xmp="http://ns.adobe.com/xap/1.0/">
         <xmp:CreatorTool>Adobe Flash Professional CS6 - build 537</xmp:CreatorTool>
         <xmp:CreateDate>2012-11-28T15:51:59+01:00</xmp:CreateDate>
         <xmp:MetadataDate>2012-12-05T15:39:59+01:00</xmp:MetadataDate>
         <xmp:ModifyDate>2012-12-05T15:39:59+01:00</xmp:ModifyDate>
      </rdf:Description>
      <rdf:Description rdf:about=""
            xmlns:dc="http://purl.org/dc/elements/1.1/">
         <dc:format>application/vnd.adobe.fla</dc:format>
      </rdf:Description>
      <rdf:Description rdf:about=""
            xmlns:xmpMM="http://ns.adobe.com/xap/1.0/mm/"
            xmlns:stEvt="http://ns.adobe.com/xap/1.0/sType/ResourceEvent#">
         <xmpMM:InstanceID>xmp.iid:F346A20AFB3DE21198AB84DFD9A1BB7D</xmpMM:InstanceID>
         <xmpMM:DocumentID>xmp.did:B46D49356B39E211B2398C1647FD4746</xmpMM:DocumentID>
         <xmpMM:OriginalDocumentID>xmp.did:B46D49356B39E211B2398C1647FD4746</xmpMM:OriginalDocumentID>
         <xmpMM:History>
            <rdf:Seq>
               <rdf:li rdf:parseType="Resource">
                  <stEvt:action>created</stEvt:action>
                  <stEvt:instanceID>xmp.iid:B46D49356B39E211B2398C1647FD4746</stEvt:instanceID>
                  <stEvt:when>2012-11-28T15:51:59+01:00</stEvt:when>
                  <stEvt:softwareAgent>Adobe Flash Professional CS6 - build 537</stEvt:softwareAgent>
               </rdf:li>
               <rdf:li rdf:parseType="Resource">
                  <stEvt:action>created</stEvt:action>
                  <stEvt:instanceID>xmp.iid:B56D49356B39E211B2398C1647FD4746</stEvt:instanceID>
                  <stEvt:when>2012-11-28T15:51:59+01:00</stEvt:when>
                  <stEvt:softwareAgent>Adobe Flash Professional CS6 - build 537</stEvt:softwareAgent>
               </rdf:li>
               <rdf:li rdf:parseType="Resource">
                  <stEvt:action>created</stEvt:action>
                  <stEvt:instanceID>xmp.iid:F346A20AFB3DE21198AB84DFD9A1BB7D</stEvt:instanceID>
                  <stEvt:when>2012-11-28T15:51:59+01:00</stEvt:when>
                  <stEvt:softwareAgent>Adobe Flash Professional CS6 - build 537</stEvt:softwareAgent>
               </rdf:li>
            </rdf:Seq>
         </xmpMM:History>
      </rdf:Description>
   </rdf:RDF>
</x:xmpmeta>
                                                                                                    
                                                                                                    
                                                                                                    
                                                                                                    
                                                                                                    
                                                                                                    
                                                                                                    
                                                                                                    
                                                                                                    
                                                                                                    
                                                                                                    
                                                                                                    
                                                                                                    
                                                                                                    
                                                                                                    
                                                                                                    
                                                                                                    
                                                                                                    
                                                                                                    
                                                                                                    
                           
<?xpacket end="w"?>