<DOMDocument xmlns:xsi="http://www.w3.org/2001/XMLSchema-instance" xmlns="http://ns.adobe.com/xfl/2008/" width="1280" height="720" currentTimeline="1" xflVersion="2.2" creatorInfo="Adobe Flash Professional CS6" platform="Windows" versionInfo="Saved by Adobe Flash Windows 12.0 build 537" majorVersion="12" buildNumber="537" gridSnapTo="true" vanishingPoint3DX="640" vanishingPoint3DY="360" nextSceneIdentifier="2" playOptionsPlayLoop="false" playOptionsPlayPages="false" playOptionsPlayFrameActions="false">
     <symbols>
          <Include href="Cube.xml" loadImmediate="false" itemID="50b62547-00000016" lastModified="1354114375"/>
          <Include href="enemy1.xml" itemID="50bf5d70-0000005b" lastModified="1354719931"/>
          <Include href="Player1.xml" itemID="50b62c54-00000021" lastModified="1354119665"/>
     </symbols>
     <timelines>
          <DOMTimeline name="Scene 1">
               <layers>
                    <DOMLayer name="Layer 1" color="#4FFF4F" current="true" isSelected="true">
                         <frames>
                              <DOMFrame index="0" keyMode="9728">
                                   <elements/>
                              </DOMFrame>
                         </frames>
                    </DOMLayer>
               </layers>
          </DOMTimeline>
     </timelines>
     <PrinterSettings/>
     <publishHistory>
          <PublishItem publishSize="1873" publishTime="1354796435"/>
          <PublishItem publishSize="1873" publishTime="1354792955"/>
          <PublishItem publishSize="1906" publishTime="1354792789"/>
          <PublishItem publishSize="1905" publishTime="1354792751"/>
          <PublishItem publishSize="1920" publishTime="1354792257"/>
          <PublishItem publishSize="1919" publishTime="1354792162"/>
          <PublishItem publishSize="1868" publishTime="1354779529"/>
          <PublishItem publishSize="1868" publishTime="1354721122"/>
          <PublishItem publishSize="1855" publishTime="1354721080"/>
          <PublishItem publishSize="1855" publishTime="1354720997"/>
          <PublishItem publishSize="1893" publishTime="1354720873"/>
          <PublishItem publishSize="1804" publishTime="1354720124"/>
          <PublishItem publishSize="1803" publishTime="1354719832"/>
          <PublishItem publishSize="1803" publishTime="1354719738"/>
          <PublishItem publishSize="1761" publishTime="1354719519"/>
          <PublishItem publishSize="1762" publishTime="1354719458"/>
          <PublishItem publishSize="710" publishTime="1354719436"/>
          <PublishItem publishSize="1763" publishTime="1354719322"/>
          <PublishItem publishSize="1697" publishTime="1354719235"/>
          <PublishItem publishSize="1689" publishTime="1354719193"/>
     </publishHistory>
</DOMDocument>