<DOMSymbolItem xmlns:xsi="http://www.w3.org/2001/XMLSchema-instance" xmlns="http://ns.adobe.com/xfl/2008/" name="enemy1" itemID="50bf5d70-0000005b" linkageExportForAS="true" linkageClassName="Enemy1art" lastModified="1354719931">
  <timeline>
    <DOMTimeline name="enemy1">
      <layers>
        <DOMLayer name="Layer 1" color="#4FFF4F" current="true" isSelected="true">
          <frames>
            <DOMFrame index="0" keyMode="9728">
              <elements>
                <DOMShape>
                  <fills>
                    <FillStyle index="1">
                      <SolidColor color="#999999"/>
                    </FillStyle>
                    <FillStyle index="2">
                      <SolidColor/>
                    </FillStyle>
                  </fills>
                  <edges>
                    <Edge fillStyle0="2" fillStyle1="1" edges="!2500 200|800 200!800 200|800 900!800 900|-1000 900!-1000 900|-1000 -900!-1000 -900|800 -900!800 -900|800 -200!800 -200|2500 -200"/>
                    <Edge fillStyle0="2" edges="!2500 -200|2500 -1600!2500 -1600|-2700 -1600!-2700 -1600|-2700 1600!-2700 1600|2500 1600!2500 1600|2500 200"/>
                    <Edge fillStyle1="1" edges="!2500 -200|6081 -200!6081 -200|6081 200!6081 200|2500 200"/>
                  </edges>
                </DOMShape>
              </elements>
            </DOMFrame>
          </frames>
        </DOMLayer>
      </layers>
    </DOMTimeline>
  </timeline>
</DOMSymbolItem>