<DOMSymbolItem xmlns:xsi="http://www.w3.org/2001/XMLSchema-instance" xmlns="http://ns.adobe.com/xfl/2008/" name="Player1" itemID="50b62c54-00000021" linkageExportForAS="true" linkageClassName="Player1art" lastModified="1354119665">
  <timeline>
    <DOMTimeline name="Player1">
      <layers>
        <DOMLayer name="Layer 1" color="#4FFF4F" current="true" isSelected="true">
          <frames>
            <DOMFrame index="0" keyMode="9728">
              <elements>
                <DOMShape selected="true" isFloating="true">
                  <matrix>
                    <Matrix tx="84.5"/>
                  </matrix>
                  <fills>
                    <FillStyle index="1">
                      <SolidColor color="#EF7A10"/>
                    </FillStyle>
                    <FillStyle index="2">
                      <SolidColor color="#999999"/>
                    </FillStyle>
                  </fills>
                  <edges>
                    <Edge fillStyle1="1" edges="!810 200S2|810 1600!810 1600|-4390 1600!-4390 1600|-4390 -1600!-4390 -1600|810 -1600!810 -1600|810 -200"/>
                    <Edge fillStyle1="2" edges="!810 -200S2|4391 -200!4391 -200|4391 200!4391 200|810 200"/>
                    <Edge fillStyle0="1" fillStyle1="2" edges="!810 200S3|-890 200!-890 200|-890 900!-890 900|-2690 900!-2690 900|-2690 -900!-2690 -900|-890 -900!-890 -900|-890 -200!-890 -200|810 -200"/>
                  </edges>
                </DOMShape>
              </elements>
            </DOMFrame>
          </frames>
        </DOMLayer>
      </layers>
    </DOMTimeline>
  </timeline>
</DOMSymbolItem>